-- phpMyAdmin SQL Dump
-- version 3.5.2.2
-- http://www.phpmyadmin.net
--
-- Host: 127.0.0.1
-- Generation Time: Mar 11, 2016 at 12:58 PM
-- Server version: 5.6.20
-- PHP Version: 5.4.7

SET SQL_MODE="NO_AUTO_VALUE_ON_ZERO";
SET time_zone = "+00:00";


/*!40101 SET @OLD_CHARACTER_SET_CLIENT=@@CHARACTER_SET_CLIENT */;
/*!40101 SET @OLD_CHARACTER_SET_RESULTS=@@CHARACTER_SET_RESULTS */;
/*!40101 SET @OLD_COLLATION_CONNECTION=@@COLLATION_CONNECTION */;
/*!40101 SET NAMES utf8 */;

--
-- Database: `datawarehouse`
--

-- --------------------------------------------------------

--
-- Table structure for table `hris_payroll`
--

CREATE TABLE IF NOT EXISTS `hris_payroll` (
  `id` int(11) NOT NULL,
  `basic_salary` decimal(10,0) NOT NULL,
  `tax` decimal(10,0) NOT NULL,
  `civil_status` varchar(255) NOT NULL,
  `dependent_number` int(11) NOT NULL,
  `date` varchar(255) NOT NULL
) ENGINE=InnoDB DEFAULT CHARSET=latin1;

--
-- Dumping data for table `hris_payroll`
--

INSERT INTO `hris_payroll` (`id`, `basic_salary`, `tax`, `civil_status`, `dependent_number`, `date`) VALUES
(11717002, 30100, 9933, 'I am a programmer', 0, '2016-01-15'),
(117170001, 30200, 9966, 'I am a programmer', 0, '2016-01-30'),
(117170002, 30300, 9999, 'I am a programmer', 0, '2016-02-15'),
(117170003, 30400, 10032, 'I am a programmer', 0, '2016-02-29'),
(117170004, 30500, 10065, 'I am a programmer', 0, '2016-03-15'),
(117170005, 30600, 10098, 'I am a programmer', 0, '2016-03-30'),
(117170006, 30700, 10131, 'I am a programmer', 0, '2016-04-15'),
(117170007, 30800, 10164, 'I am a programmer', 0, '2016-04-30'),
(117170008, 30900, 10197, 'I am a programmer', 0, '2016-05-15'),
(117170009, 31000, 10230, 'I am a programmer', 0, '2016-05-30'),
(117170010, 31100, 10263, 'I am a programmer', 0, '2016-06-15'),
(117170011, 31200, 10296, 'I am a programmer', 0, '2016-06-30'),
(117170012, 31300, 10329, 'I am a programmer', 0, '2016-07-15'),
(117170013, 31400, 10362, 'I am a programmer', 0, '2016-07-30'),
(117170014, 31500, 10395, 'I am a programmer', 0, '2016-08-15'),
(117170015, 31600, 10428, 'I am a programmer', 0, '2016-08-30'),
(117170016, 31700, 10461, 'I am a programmer', 0, '2016-09-15'),
(117170017, 31800, 10494, 'I am a programmer', 0, '2016-09-30'),
(117170018, 31900, 10527, 'I am a programmer', 0, '2016-10-15'),
(117170019, 32000, 10560, 'I am a programmer', 0, '2016-10-30'),
(117170020, 32100, 10593, 'I am a programmer', 0, '2016-11-15'),
(117170021, 32200, 10626, 'I am a programmer', 0, '2016-11-30'),
(117170022, 32300, 10659, 'I am a programmer', 0, '2016-12-15'),
(117170023, 32400, 10692, 'I am a programmer', 0, '2016-12-30'),
(117170024, 20200, 6060, 'In a relationship', 5, '2016-01-15'),
(117170025, 20400, 6120, 'In a relationship', 5, '2016-01-30'),
(117170026, 20600, 6180, 'In a relationship', 5, '2016-02-15'),
(117170027, 20800, 6240, 'In a relationship', 5, '2016-02-29'),
(117170028, 21000, 6300, 'In a relationship', 5, '2016-03-15'),
(117170029, 21200, 6360, 'In a relationship', 5, '2016-03-30'),
(117170030, 21400, 6420, 'In a relationship', 5, '2016-04-15'),
(117170031, 21600, 6480, 'In a relationship', 5, '2016-04-30'),
(117170032, 21800, 6540, 'In a relationship', 5, '2016-05-15'),
(117170033, 22000, 6600, 'In a relationship', 5, '2016-05-30'),
(117170034, 22200, 6660, 'In a relationship', 5, '2016-06-15'),
(117170035, 22400, 6720, 'In a relationship', 5, '2016-06-30'),
(117170036, 22600, 6780, 'In a relationship', 5, '2016-07-15'),
(117170037, 22800, 6840, 'In a relationship', 5, '2016-07-30'),
(117170038, 23000, 6900, 'In a relationship', 5, '2016-08-15'),
(117170039, 23200, 6960, 'In a relationship', 5, '2016-08-30'),
(117170040, 23400, 7020, 'In a relationship', 5, '2016-09-15'),
(117170041, 23600, 7080, 'In a relationship', 5, '2016-09-30'),
(117170042, 23800, 7140, 'In a relationship', 5, '2016-10-15'),
(117170043, 24000, 7200, 'In a relationship', 5, '2016-10-30'),
(117170044, 24200, 7260, 'In a relationship', 5, '2016-11-15'),
(117170045, 24400, 7320, 'In a relationship', 5, '2016-11-30'),
(117170046, 24600, 7380, 'In a relationship', 5, '2016-12-15'),
(117170047, 24800, 7440, 'In a relationship', 5, '2016-12-30');

-- --------------------------------------------------------

--
-- Table structure for table `hris_payroll_benefit`
--

CREATE TABLE IF NOT EXISTS `hris_payroll_benefit` (
  `id` int(11) NOT NULL,
  `benefits_amount` decimal(10,0) NOT NULL,
  `payroll_id` varchar(255) NOT NULL
) ENGINE=InnoDB DEFAULT CHARSET=utf8;

--
-- Dumping data for table `hris_payroll_benefit`
--

INSERT INTO `hris_payroll_benefit` (`id`, `benefits_amount`, `payroll_id`) VALUES
(137370001, 100000, '11717002'),
(137370002, 80000, '117170001'),
(137370003, 10000, '117170002'),
(137370004, 50000, '117170003'),
(137370005, 250000, '117170004'),
(137370006, 100000, '117170005'),
(137370007, 80000, '117170006'),
(137370008, 10000, '117170007'),
(137370009, 50000, '117170008'),
(137370010, 250000, '117170009'),
(137370011, 100000, '117170010'),
(137370012, 80000, '117170011'),
(137370013, 10000, '117170012'),
(137370014, 50000, '117170013'),
(137370015, 250000, '117170014'),
(137370016, 100000, '117170015'),
(137370017, 80000, '117170016'),
(137370018, 10000, '117170017'),
(137370019, 50000, '117170018'),
(137370020, 250000, '117170019'),
(137370021, 100000, '117170020'),
(137370022, 80000, '117170021'),
(137370023, 10000, '117170022'),
(137370024, 50000, '117170023'),
(137370025, 250000, '117170024'),
(137370026, 100000, '117170025'),
(137370027, 80000, '117170026'),
(137370028, 10000, '117170027'),
(137370029, 50000, '117170028'),
(137370030, 250000, '117170029'),
(137370031, 100000, '117170030'),
(137370032, 80000, '117170031'),
(137370033, 10000, '117170032'),
(137370034, 50000, '117170033'),
(137370035, 250000, '117170034'),
(137370036, 100000, '117170035'),
(137370037, 80000, '117170036'),
(137370038, 10000, '117170037'),
(137370039, 50000, '117170038'),
(137370040, 250000, '117170039'),
(137370041, 100000, '117170040'),
(137370042, 80000, '117170041'),
(137370043, 10000, '117170042'),
(137370044, 50000, '117170043'),
(137370045, 250000, '117170044'),
(137370046, 100000, '117170045'),
(137370047, 80000, '117170046'),
(137370048, 10000, '117170047');

-- --------------------------------------------------------

--
-- Table structure for table `hris_payroll_bonus`
--

CREATE TABLE IF NOT EXISTS `hris_payroll_bonus` (
  `id` int(11) NOT NULL,
  `bonus_amount` decimal(10,0) NOT NULL,
  `payroll_id` varchar(255) NOT NULL
) ENGINE=InnoDB DEFAULT CHARSET=latin1;

--
-- Dumping data for table `hris_payroll_bonus`
--

INSERT INTO `hris_payroll_bonus` (`id`, `bonus_amount`, `payroll_id`) VALUES
(147470001, 3000, '117170001'),
(147470002, 4000, '11717002'),
(147470003, 2000, '117170003'),
(147470004, 1000, '117170004'),
(147470005, 5000, '117170005'),
(147470006, 6000, '117170006'),
(147470007, 7000, '117170007'),
(147470008, 3000, '117170008'),
(147470009, 4000, '117170009'),
(147470010, 2000, '117170010'),
(147470011, 1000, '117170011'),
(147470012, 5000, '117170012'),
(147470013, 6000, '117170013'),
(147470014, 7000, '117170014'),
(147470015, 3000, '117170015'),
(147470016, 4000, '117170016'),
(147470017, 2000, '117170017'),
(147470018, 1000, '117170018'),
(147470019, 5000, '117170019'),
(147470020, 6000, '117170020'),
(147470021, 7000, '117170021'),
(147470022, 3000, '117170022'),
(147470023, 4000, '117170023'),
(147470024, 2000, '117170024'),
(147470025, 1000, '117170025'),
(147470026, 5000, '117170026'),
(147470027, 6000, '117170027'),
(147470028, 7000, '117170028'),
(147470029, 3000, '117170029'),
(147470030, 4000, '117170030'),
(147470031, 2000, '117170031'),
(147470032, 1000, '117170032'),
(147470033, 5000, '117170033'),
(147470034, 6000, '117170034'),
(147470035, 7000, '117170035'),
(147470036, 3000, '117170036'),
(147470037, 4000, '117170037'),
(147470038, 2000, '117170038'),
(147470039, 1000, '117170039'),
(147470040, 5000, '117170040'),
(147470041, 6000, '117170041'),
(147470042, 7000, '117170042'),
(147470043, 3000, '117170043'),
(147470044, 4000, '117170044'),
(147470045, 2000, '117170045'),
(147470046, 1000, '117170046'),
(147470047, 5000, '117170047');

-- --------------------------------------------------------

--
-- Table structure for table `hris_payroll_deduction`
--

CREATE TABLE IF NOT EXISTS `hris_payroll_deduction` (
  `id` int(11) NOT NULL,
  `deduction_amount_total` decimal(10,0) NOT NULL,
  `payroll_id` int(11) NOT NULL,
  PRIMARY KEY (`id`)
) ENGINE=InnoDB DEFAULT CHARSET=latin1;

--
-- Dumping data for table `hris_payroll_deduction`
--

INSERT INTO `hris_payroll_deduction` (`id`, `deduction_amount_total`, `payroll_id`) VALUES
(148480001, 200, 117170001),
(148480002, 300, 11717002),
(148480003, 400, 117170002),
(148480004, 500, 117170003),
(148480005, 600, 117170004),
(148480006, 700, 117170005),
(148480007, 800, 117170006),
(148480008, 900, 117170007),
(148480009, 1000, 117170008),
(148480010, 1100, 117170009),
(148480011, 500, 117170010),
(148480012, 1000, 117170011),
(148480013, 1500, 117170012),
(148480014, 2000, 117170013),
(148480015, 2500, 117170014),
(148480016, 200, 117170015),
(148480017, 300, 117170016),
(148480018, 400, 117170017),
(148480019, 500, 117170018),
(148480020, 600, 117170019),
(148480021, 700, 117170020),
(148480022, 800, 117170021),
(148480023, 900, 117170022),
(148480024, 1000, 117170023),
(148480025, 1100, 117170024),
(148480026, 500, 117170025),
(148480027, 1000, 117170026),
(148480028, 1500, 117170027),
(148480029, 2000, 117170028),
(148480030, 2500, 117170029),
(148480031, 200, 117170030),
(148480032, 300, 117170031),
(148480033, 400, 117170032),
(148480034, 500, 117170033),
(148480035, 600, 117170034),
(148480036, 700, 117170035),
(148480037, 800, 117170036),
(148480038, 900, 117170037),
(148480039, 1000, 117170038),
(148480040, 1100, 117170039),
(148480041, 500, 117170040),
(148480042, 1000, 117170041),
(148480043, 1500, 117170042),
(148480044, 2000, 117170043),
(148480045, 2500, 117170044),
(148480046, 200, 117170045),
(148480047, 300, 117170046),
(148480048, 400, 117170047);

-- --------------------------------------------------------

--
-- Table structure for table `hris_payroll_income`
--

CREATE TABLE IF NOT EXISTS `hris_payroll_income` (
  `id` int(11) NOT NULL,
  `income_amount` int(11) NOT NULL,
  `payroll_id` varchar(255) NOT NULL
) ENGINE=InnoDB DEFAULT CHARSET=utf8;

--
-- Dumping data for table `hris_payroll_income`
--

INSERT INTO `hris_payroll_income` (`id`, `income_amount`, `payroll_id`) VALUES
(15050001, 10000, '117170001'),
(150500002, 20000, '11717002'),
(150500003, 30000, '117170002'),
(150500004, 40000, '117170003'),
(150500005, 50000, '117170004'),
(150500006, 60000, '117170005'),
(150500007, 70000, '117170006'),
(150500008, 80000, '117170007'),
(150500009, 90000, '117170008'),
(150500010, 100000, '117170009'),
(150500011, 110000, '117170010'),
(150500012, 120000, '117170011'),
(150500013, 10000, '117170013'),
(150500014, 20000, '117170014'),
(150500015, 30000, '117170015'),
(150500016, 40000, '117170016'),
(150500017, 50000, '117170017'),
(150500018, 60000, '117170018'),
(150500019, 70000, '117170019'),
(150500020, 80000, '117170020'),
(150500021, 90000, '117170021'),
(150500022, 100000, '117170022'),
(150500023, 110000, '117170023'),
(150500024, 120000, '117170024'),
(150500025, 10000, '117170025'),
(150500026, 20000, '117170026'),
(150500027, 30000, '117170027'),
(150500028, 40000, '117170028'),
(150500029, 50000, '117170029'),
(150500030, 60000, '117170030'),
(150500031, 70000, '117170031'),
(150500032, 80000, '117170032'),
(150500033, 90000, '117170033'),
(150500034, 100000, '117170034'),
(150500035, 110000, '117170035'),
(150500036, 120000, '117170036'),
(150500037, 10000, '117170037'),
(150500038, 20000, '117170038'),
(150500039, 30000, '117170039'),
(150500040, 40000, '117170040'),
(150500041, 50000, '117170041'),
(150500042, 60000, '117170042'),
(150500043, 70000, '117170043'),
(150500044, 80000, '117170044'),
(150500045, 90000, '117170045'),
(150500046, 100000, '117170046'),
(150500047, 110000, '117170047');

/*!40101 SET CHARACTER_SET_CLIENT=@OLD_CHARACTER_SET_CLIENT */;
/*!40101 SET CHARACTER_SET_RESULTS=@OLD_CHARACTER_SET_RESULTS */;
/*!40101 SET COLLATION_CONNECTION=@OLD_COLLATION_CONNECTION */;
